{"NaN-0":null,"2010-309":19.92,"2010-310":68.97999999999999,"2010-313":89,"2010-314":1.5,"2010-315":3,"2010-316":14.680000000000001,"2010-318":3.7,"2010-319":2.3,"2010-320":3.38,"2010-321":1.99,"2010-322":104,"2010-323":25.79,"2010-324":2.7,"2010-326":22.4,"2010-327":5.7,"2010-328":11.5,"2010-329":2.13,"2010-330":10.3,"2010-331":5.4,"2010-332":16.69,"2010-333":25.28,"2010-334":7.5,"2010-336":10,"2010-337":12.5,"2010-338":10,"2010-339":2.7,"2010-340":16.29,"2010-341":2.1,"2010-342":29.32,"2010-343":101.5,"2010-344":16.5,"2010-345":1.69,"2010-346":17.8,"2010-347":19.88,"2010-349":14.9,"2010-350":13.05,"2010-352":51.769999999999996,"2010-353":60,"2010-354":155.37,"2010-355":27.13,"2010-356":5.4,"2010-357":11.1,"2010-361":61.99,"2010-363":32.76,"2010-365":172.4,"2010-2":36.4,"2011-4":1.5,"2011-5":11.6,"2011-7":2.8,"2011-9":15.23,"2011-11":6.35,"2011-12":6.8,"2011-14":5.7,"2011-15":1.5,"2011-17":3,"2011-19":1.5,"2011-20":1.85,"2011-25":1.8,"2011-26":0.7,"2011-28":50,"2011-31":1.5,"2011-32":4.1,"2011-35":10,"2011-36":25.19,"2011-41":20.58,"2011-42":1.35,"2011-45":26.72,"2011-49":8.28,"2011-50":14.41,"2011-52":1.5,"2011-55":7.39,"2011-56":16.85,"2011-57":11.35,"2011-59":2.2,"2011-60":2.3,"2011-64":9.28,"2011-66":2.7,"2011-67":1.7,"2011-68":3.14,"2011-75":10.7,"2011-76":11.39,"2011-80":2.6,"2011-81":3.8,"2011-82":8,"2011-83":18,"2011-86":2,"2011-87":16.150000000000002,"2011-88":6.9,"2011-90":1.79,"2011-91":5.5,"2011-94":3.29,"2011-98":25.5,"2011-99":53.5,"2011-101":7.6000000000000005,"2011-103":29.06,"2011-105":2,"2011-107":8.55,"2011-108":3.0999999999999996,"2011-111":57.5,"2011-112":16.57,"2011-113":9.2,"2011-116":4,"2011-117":4.5,"2011-118":10.95,"2011-124":2.35,"2011-126":4,"2011-129":1.1,"2011-130":6.29,"2011-131":6,"2011-132":4.6,"2011-137":4.9399999999999995,"2011-138":154.72,"2011-139":13.350000000000001,"2011-140":2,"2011-141":34.660000000000004,"2011-143":10.92,"2011-144":4.3,"2011-145":8.4,"2011-146":20.15,"2011-147":27.17,"2011-149":5.51,"2011-150":2.6,"2011-151":8.95,"2011-173":12.3,"2011-175":24.380000000000003,"2011-176":12,"2011-178":26.71,"2011-179":65,"2011-180":19.64,"2011-185":14,"2011-186":4.88,"2011-187":12,"2011-188":3.5,"2011-189":8.8,"2011-190":13.4,"2011-191":10.1,"2011-192":40.29,"2011-193":3.5,"2011-194":2.5,"2011-195":22.689999999999998,"2011-196":6.64,"2011-197":3.5,"2011-198":8.09,"2011-200":3.81,"2011-203":57.45,"2011-205":12.52,"2011-206":14.92,"2011-208":0.79,"2011-209":3.5,"2011-210":4,"2011-212":6,"2011-217":2.5,"2011-218":33.75,"2011-219":113.1,"2011-220":12.46,"2011-221":17.51,"2011-222":121.56,"2011-223":30.33,"2011-224":106.3,"2011-226":100,"2011-227":17.12,"2011-229":8.93,"2011-230":8.87,"2011-231":69,"2011-232":233.15,"2011-233":26.71,"2011-234":60,"2011-235":34.8,"2011-236":13.1,"2011-237":6.9,"2011-238":17.3,"2011-239":5.2,"2011-240":3.7,"2011-241":20.54,"2011-242":131.29,"2011-243":5.5,"2011-245":31.1,"2011-248":8,"2011-249":8,"2011-251":11.69,"2011-252":3.7,"2011-253":9.73,"2011-256":5,"2011-257":6.5,"2011-258":2.18,"2011-262":9.9,"2011-263":9.2,"2011-265":20,"2011-266":33.16,"2011-267":13.94,"2011-268":16.2,"2011-269":63.620000000000005,"2011-272":0.87,"2011-273":31.45,"2011-274":9.65,"2011-275":3.5,"2011-277":34.6,"2011-278":2.8,"2011-279":21.64,"2011-280":3,"2011-283":8.36,"2011-284":9.79,"2011-287":31.11,"2011-288":4.18,"2011-291":8.370000000000001,"2011-292":1.8,"2011-293":11.7,"2011-294":0.79,"2011-297":2.4,"2011-298":2.88,"2011-300":6.57,"2011-302":51.36,"2011-303":33.1,"2011-307":4.79,"2011-308":8.83,"2011-311":6.01,"2011-313":6.9,"2011-314":3.6,"2011-315":16.69,"2011-318":170,"2011-319":28.79,"2011-320":3.7,"2011-321":18.03,"2011-324":25,"2011-325":11.6,"2011-326":100,"2011-327":153.89,"2011-329":2.17,"2011-330":11.8,"2011-332":8.07,"2011-333":151.36,"2011-334":19.599999999999998,"2011-335":14.79,"2011-336":61.5,"2011-338":15,"2011-339":11.52,"2011-340":22.22,"2011-341":17.229999999999997,"2011-343":118.86999999999999,"2011-344":5.61,"2011-346":41.07999999999999,"2011-347":15.8,"2011-348":64.05,"2011-349":5.970000000000001,"2011-350":90.9,"2011-351":5.9,"2011-353":12.75,"2011-354":3.3600000000000003,"2011-356":23.5,"2011-358":44.54,"2011-360":13.82}