{"2011-1":2.8,"2011-2":0,"2011-3":0,"2011-4":1.5,"2011-5":11.6,"2011-6":0,"2011-7":2.8,"2011-8":0,"2011-9":15.23,"2011-10":0,"2011-11":6.35,"2011-12":6.8,"2011-13":0,"2011-14":5.7,"2011-15":1.5,"2011-16":0,"2011-17":3,"2011-18":0,"2011-19":1.5,"2011-20":1.85,"2011-21":0,"2011-22":0,"2011-23":0,"2011-24":0,"2011-25":1.8,"2011-26":0.7,"2011-27":0,"2011-28":50,"2011-29":0,"2011-30":0,"2011-31":1.5,"2011-32":4.1,"2011-33":0,"2011-34":0,"2011-35":10,"2011-36":25.19,"2011-37":0,"2011-38":0,"2011-39":0,"2011-40":0,"2011-41":20.58,"2011-42":1.35,"2011-43":0,"2011-44":0,"2011-45":26.72,"2011-46":0,"2011-47":0,"2011-48":0,"2011-49":8.28,"2011-50":14.41,"2011-51":0,"2011-52":1.5,"2011-53":0,"2011-54":0,"2011-55":7.39,"2011-56":16.85,"2011-57":11.35,"2011-58":0,"2011-59":2.2,"2011-60":2.3,"2011-61":0,"2011-62":0,"2011-63":0,"2011-64":9.28,"2011-65":0,"2011-66":2.7,"2011-67":1.7,"2011-68":3.14,"2011-69":0,"2011-70":0,"2011-71":0,"2011-72":0,"2011-73":0,"2011-74":0,"2011-75":10.7,"2011-76":11.39,"2011-77":0,"2011-78":0,"2011-79":0,"2011-80":2.6,"2011-81":3.8,"2011-82":8,"2011-83":18,"2011-84":0,"2011-85":0,"2011-86":2,"2011-87":16.150000000000002,"2011-88":6.9,"2011-89":0,"2011-90":1.79,"2011-91":5.5,"2011-92":0,"2011-93":0,"2011-94":3.29,"2011-95":0,"2011-96":0,"2011-97":0,"2011-98":25.5,"2011-99":53.5,"2011-100":0,"2011-101":7.6000000000000005,"2011-102":0,"2011-103":29.06,"2011-104":0,"2011-105":2,"2011-106":0,"2011-107":8.55,"2011-108":3.0999999999999996,"2011-109":0,"2011-110":0,"2011-111":57.5,"2011-112":16.57,"2011-113":9.2,"2011-114":0,"2011-115":0,"2011-116":4,"2011-117":4.5,"2011-118":10.95,"2011-119":0,"2011-120":0,"2011-121":0,"2011-122":0,"2011-123":0,"2011-124":2.35,"2011-125":0,"2011-126":4,"2011-127":0,"2011-128":0,"2011-129":1.1,"2011-130":6.29,"2011-131":6,"2011-132":4.6,"2011-133":0,"2011-134":0,"2011-135":0,"2011-136":0,"2011-137":4.9399999999999995,"2011-138":154.72,"2011-139":13.350000000000001,"2011-140":2,"2011-141":34.660000000000004,"2011-142":0,"2011-143":10.92,"2011-144":4.3,"2011-145":8.4,"2011-146":20.15,"2011-147":27.17,"2011-148":0,"2011-149":5.51,"2011-150":2.6,"2011-151":8.95,"2011-152":0,"2011-153":0,"2011-154":0,"2011-155":0,"2011-156":0,"2011-157":0,"2011-158":0,"2011-159":0,"2011-160":0,"2011-161":0,"2011-162":0,"2011-163":0,"2011-164":0,"2011-165":0,"2011-166":0,"2011-167":0,"2011-168":0,"2011-169":0,"2011-170":0,"2011-171":0,"2011-172":0,"2011-173":12.3,"2011-174":0,"2011-175":24.380000000000003,"2011-176":12,"2011-177":0,"2011-178":26.71,"2011-179":65,"2011-180":19.64,"2011-181":0,"2011-182":0,"2011-183":0,"2011-184":0,"2011-185":14,"2011-186":4.88,"2011-187":12,"2011-188":3.5,"2011-189":8.8,"2011-190":13.4,"2011-191":10.1,"2011-192":40.29,"2011-193":3.5,"2011-194":2.5,"2011-195":22.689999999999998,"2011-196":6.64,"2011-197":3.5,"2011-198":8.09,"2011-199":0,"2011-200":3.81,"2011-201":0,"2011-202":0,"2011-203":57.45,"2011-204":0,"2011-205":12.52,"2011-206":14.92,"2011-207":0,"2011-208":0.79,"2011-209":3.5,"2011-210":4,"2011-211":0,"2011-212":6,"2011-213":0,"2011-214":0,"2011-215":0,"2011-216":0,"2011-217":2.5,"2011-218":33.75,"2011-219":113.1,"2011-220":12.46,"2011-221":17.51,"2011-222":121.56,"2011-223":30.33,"2011-224":106.3,"2011-225":0,"2011-226":100,"2011-227":17.12,"2011-228":0,"2011-229":8.93,"2011-230":8.87,"2011-231":69,"2011-232":233.15,"2011-233":26.71,"2011-234":60,"2011-235":34.8,"2011-236":13.1,"2011-237":6.9,"2011-238":17.3,"2011-239":5.2,"2011-240":3.7,"2011-241":20.54,"2011-242":131.29,"2011-243":5.5,"2011-244":0,"2011-245":31.1,"2011-246":0,"2011-247":0,"2011-248":8,"2011-249":8,"2011-250":0,"2011-251":11.69,"2011-252":3.7,"2011-253":9.73,"2011-254":0,"2011-255":0,"2011-256":5,"2011-257":6.5,"2011-258":2.18,"2011-259":0,"2011-260":0,"2011-261":0,"2011-262":9.9,"2011-263":9.2,"2011-264":0,"2011-265":20,"2011-266":33.16,"2011-267":13.94,"2011-268":16.2,"2011-269":63.620000000000005,"2011-270":0,"2011-271":0,"2011-272":0.87,"2011-273":31.45,"2011-274":9.65,"2011-275":3.5,"2011-276":0,"2011-277":34.6,"2011-278":2.8,"2011-279":21.64,"2011-280":3,"2011-281":0,"2011-282":0,"2011-283":8.36,"2011-284":9.79,"2011-285":0,"2011-286":0,"2011-287":31.11,"2011-288":4.18,"2011-289":0,"2011-290":0,"2011-291":8.370000000000001,"2011-292":1.8,"2011-293":11.7,"2011-294":0.79,"2011-295":0,"2011-296":0,"2011-297":2.4,"2011-298":2.88,"2011-299":0,"2011-300":6.57,"2011-301":0,"2011-302":51.36,"2011-303":33.1,"2011-304":0,"2011-305":0,"2011-306":0,"2011-307":4.79,"2011-308":8.83,"2011-309":0,"2011-310":0,"2011-311":6.01,"2011-312":0,"2011-313":6.9,"2011-314":3.6,"2011-315":16.69,"2011-316":0,"2011-317":0,"2011-318":170,"2011-319":28.79,"2011-320":3.7,"2011-321":18.03,"2011-322":0,"2011-323":0,"2011-324":25,"2011-325":11.6,"2011-326":100,"2011-327":153.89,"2011-328":0,"2011-329":2.17,"2011-330":11.8,"2011-331":0,"2011-332":8.07,"2011-333":151.36,"2011-334":19.599999999999998,"2011-335":14.79,"2011-336":61.5,"2011-337":0,"2011-338":15,"2011-339":11.52,"2011-340":22.22,"2011-341":17.229999999999997,"2011-342":0,"2011-343":118.86999999999999,"2011-344":5.61,"2011-345":0,"2011-346":41.07999999999999,"2011-347":15.8,"2011-348":64.05,"2011-349":5.970000000000001,"2011-350":90.9,"2011-351":5.9,"2011-352":0,"2011-353":12.75,"2011-354":3.3600000000000003,"2011-355":0,"2011-356":23.5,"2011-357":0,"2011-358":44.54,"2011-359":0,"2011-360":13.82,"2011-361":25.25,"2011-362":0,"2011-363":78.7,"2011-364":2,"2011-365":14.64,"2012-1":0,"2012-2":0,"2012-3":303.37,"2012-4":0,"2012-5":0,"2012-6":0,"2012-7":0,"2012-8":0,"2012-9":0,"2012-10":0,"2012-11":0,"2012-12":0,"2012-13":0,"2012-14":0,"2012-15":0,"2012-16":0,"2012-17":0,"2012-18":0,"2012-19":0,"2012-20":0,"2012-21":0,"2012-22":0,"2012-23":0,"2012-24":0,"2012-25":0,"2012-26":0,"2012-27":0,"2012-28":0,"2012-29":0,"2012-30":0,"2012-31":0,"2012-32":0,"2012-33":0,"2012-34":0,"2012-35":0,"2012-36":0,"2012-37":0,"2012-38":0,"2012-39":0,"2012-40":0,"2012-41":0,"2012-42":0,"2012-43":0,"2012-44":0,"2012-45":0,"2012-46":0,"2012-47":0,"2012-48":0,"2012-49":0,"2012-50":0,"2012-51":0,"2012-52":0,"2012-53":0,"2012-54":0,"2012-55":0,"2012-56":0,"2012-57":0,"2012-58":0,"2012-59":0,"2012-60":0,"2012-61":0,"2012-62":0,"2012-63":0,"2012-64":0,"2012-65":0,"2012-66":0,"2012-67":0,"2012-68":0,"2012-69":0,"2012-70":0,"2012-71":0,"2012-72":0,"2012-73":0,"2012-74":0,"2012-75":0,"2012-76":0,"2012-77":0,"2012-78":0,"2012-79":0,"2012-80":0,"2012-81":0,"2012-82":0,"2012-83":0,"2012-84":0,"2012-85":0,"2012-86":0,"2012-87":0,"2012-88":0,"2012-89":0,"2012-90":0,"2012-91":0,"2012-92":0,"2012-93":0,"2012-94":0,"2012-95":0,"2012-96":0,"2012-97":0,"2012-98":0,"2012-99":0,"2012-100":0,"2012-101":0,"2012-102":0,"2012-103":0,"2012-104":0,"2012-105":0,"2012-106":0,"2012-107":0,"2012-108":0,"2012-109":0,"2012-110":0,"2012-111":0,"2012-112":0,"2012-113":0,"2012-114":0,"2012-115":0,"2012-116":0,"2012-117":0,"2012-118":0,"2012-119":0,"2012-120":0,"2012-121":0,"2012-122":0,"2012-123":0,"2012-124":0,"2012-125":0,"2012-126":0,"2012-127":0,"2012-128":0,"2012-129":0,"2012-130":0,"2012-131":0,"2012-132":0,"2012-133":0,"2012-134":0,"2012-135":0,"2012-136":0,"2012-137":0,"2012-138":0,"2012-139":0,"2012-140":0,"2012-141":0,"2012-142":0,"2012-143":0,"2012-144":0,"2012-145":0,"2012-146":0,"2012-147":0,"2012-148":0,"2012-149":0,"2012-150":0,"2012-151":0,"2012-152":0,"2012-153":0,"2012-154":0,"2012-155":0,"2012-156":0,"2012-157":0,"2012-158":0,"2012-159":0,"2012-160":0,"2012-161":0,"2012-162":0,"2012-163":0,"2012-164":0,"2012-165":0,"2012-166":0,"2012-167":0,"2012-168":0,"2012-169":0,"2012-170":0,"2012-171":0,"2012-172":0,"2012-173":0,"2012-174":0,"2012-175":0,"2012-176":0,"2012-177":0,"2012-178":0,"2012-179":0,"2012-180":0,"2012-181":0,"2012-182":0,"2012-183":0,"2012-184":0,"2012-185":0,"2012-186":0,"2012-187":0,"2012-188":0,"2012-189":0,"2012-190":0,"2012-191":0,"2012-192":0,"2012-193":0,"2012-194":0,"2012-195":0,"2012-196":0,"2012-197":0,"2012-198":0,"2012-199":0,"2012-200":0,"2012-201":0,"2012-202":0,"2012-203":0,"2012-204":0,"2012-205":0,